2023-01-16 02:29:37,"in a miracle
of too many aspirin
glides from window"
2023-01-16 02:30:41,"sleepless night a new
turkey feather falling just
second glass of wine"
2023-01-16 02:32:18,"tadpoles wriggle
houses without a shepherd
tea in the middle"
2023-01-16 02:34:15,"night Only white spots
memorial day weekend
floats in the water"
2023-01-16 02:35:13,"only the wildest
refrigerator freezes
beach the only light"
2023-01-16 02:36:21,"deep into the night
showers her mascara runs
for their teenaged"
